id;titre;coffrcollec;type;format;dossier;fichier;extension
SWROaa;Star Wars : Affiches originales;4K Ultra HD + Blu-Ray + Bonus;Collections;Rogue One: A Star Wars Story;https://jaquettes.pages.dev/films_jpg/;270920242122_Rogue_One_4K;jpg
SWSOLOaa;Star Wars : Affiches originales;4K Ultra HD + Blu-Ray + Bonus;Collections;Solo: A Star Wars Story;https://jaquettes.pages.dev/films_jpg/;270920242123_Solo_4K;jpg
SW1aa;Star Wars : Affiches originales;4K Ultra HD + Blu-Ray + Bonus;Collections;Star Wars, épisode I : La Menace fantôme;https://jaquettes.pages.dev/films_jpg/;270920242113_Star_Wars_1_4K;jpg
SW2aa;Star Wars : Affiches originales;4K Ultra HD + Blu-Ray + Bonus;Collections;Star Wars, épisode II : L'Attaque des clones;https://jaquettes.pages.dev/films_jpg/;270920242114_Star_Wars_2_4K;jpg
SW3aa;Star Wars : Affiches originales;4K Ultra HD + Blu-Ray + Bonus;Collections;Star Wars, épisode III : La Revanche des Sith;https://jaquettes.pages.dev/films_jpg/;270920242115_Star_Wars_3_4K;jpg
SW4aa;Star Wars : Affiches originales;4K Ultra HD + Blu-Ray + Bonus;Collections;Star Wars, épisode IV : Un nouvel espoir;https://jaquettes.pages.dev/films_jpg/;270920242116_Star_Wars_4_4K;jpg
SW5aa;Star Wars : Affiches originales;4K Ultra HD + Blu-Ray + Bonus;Collections;Star Wars, épisode V : L'Empire contre-attaque;https://jaquettes.pages.dev/films_jpg/;270920242117_Star_Wars_5_4K;jpg
SW6aa;Star Wars : Affiches originales;4K Ultra HD + Blu-Ray + Bonus;Collections;Star Wars, épisode VI : Le Retour du Jedi;https://jaquettes.pages.dev/films_jpg/;270920242118_Star_Wars_6_4K;jpg
SW7aa;Star Wars : Affiches originales;4K Ultra HD + Blu-Ray + Bonus;Collections;Star Wars, épisode VII : Le Réveil de la Force;https://jaquettes.pages.dev/films_jpg/;270920242119_Star_Wars_7_4K;jpg
SW8aa;Star Wars : Affiches originales;4K Ultra HD + Blu-Ray + Bonus;Collections;Star Wars, épisode VIII : Les Derniers Jedi;https://jaquettes.pages.dev/films_jpg/;270920242120_Star_Wars_8_4K;jpg
SW9aa;Star Wars : Affiches originales;4K Ultra HD + Blu-Ray + Bonus;Collections;Star Wars, épisode IX : L'Ascension de Skywalker;https://jaquettes.pages.dev/films_jpg/;270920242121_Star_Wars_9_4K;jpg
SW1ab;Star Wars : Affiches originales;4K Ultra HD + Blu-Ray;Collections;Star Wars, épisode I : La Menace fantôme;https://jaquettes.pages.dev/films_jpg/;090520261733_Star_Wars_1_4K;jpg
SW2ab;Star Wars : Affiches originales;4K Ultra HD + Blu-Ray;Collections;Star Wars, épisode II : L'Attaque des clones;https://jaquettes.pages.dev/films_jpg/;090520261734_Star_Wars_2_4K;jpg
SW3ab;Star Wars : Affiches originales;4K Ultra HD + Blu-Ray;Collections;Star Wars, épisode III : La Revanche des Sith;https://jaquettes.pages.dev/films_jpg/;090520261735_Star_Wars_3_4K;jpg
SW4ab;Star Wars : Affiches originales;4K Ultra HD + Blu-Ray;Collections;Star Wars, épisode IV : Un nouvel espoir;https://jaquettes.pages.dev/films_jpg/;090520261736_Star_Wars_4_4K;jpg
SW5ab;Star Wars : Affiches originales;4K Ultra HD + Blu-Ray;Collections;Star Wars, épisode V : L'Empire contre-attaque;https://jaquettes.pages.dev/films_jpg/;090520261737_Star_Wars_5_4K;jpg
SW6ab;Star Wars : Affiches originales;4K Ultra HD + Blu-Ray;Collections;Star Wars, épisode VI : Le Retour du Jedi;https://jaquettes.pages.dev/films_jpg/;090520261738_Star_Wars_6_4K;jpg
SW7ab;Star Wars : Affiches originales;4K Ultra HD + Blu-Ray;Collections;Star Wars, épisode VII : Le Réveil de la Force;https://jaquettes.pages.dev/films_jpg/;090520261739_Star_Wars_7_4K;jpg
SW8ab;Star Wars : Affiches originales;4K Ultra HD + Blu-Ray;Collections;Star Wars, épisode VIII : Les Derniers Jedi;https://jaquettes.pages.dev/films_jpg/;090520261740_Star_Wars_8_4K;jpg
SW9ab;Star Wars : Affiches originales;4K Ultra HD + Blu-Ray;Collections;Star Wars, épisode IX : L'Ascension de Skywalker;https://jaquettes.pages.dev/films_jpg/;090520261741_Star_Wars_9_4K;jpg
SWSOLOab;Star Wars : Affiches originales;4K Ultra HD + Blu-Ray;Collections;Solo: A Star Wars Story;https://jaquettes.pages.dev/films_jpg/;090520261343_Solo_4K;jpg
SWROab;Star Wars : Affiches originales;4K Ultra HD + Blu-Ray;Collections;Rogue One: A Star Wars Story;https://jaquettes.pages.dev/films_jpg/;090520261342_Rogue_One_4K;jpg
SW1ac;Star Wars : Affiches originales;4K Ultra HD;Collections;Star Wars, épisode I : La Menace fantôme;https://jaquettes.pages.dev/films_jpg/;090520261911_Star_Wars_1_4K;jpg
SW2ac;Star Wars : Affiches originales;4K Ultra HD;Collections;Star Wars, épisode II : L'Attaque des clones;https://jaquettes.pages.dev/films_jpg/;090520261912_Star_Wars_2_4K;jpg
SW3ac;Star Wars : Affiches originales;4K Ultra HD;Collections;Star Wars, épisode III : La Revanche des Sith;https://jaquettes.pages.dev/films_jpg/;090520261913_Star_Wars_3_4K;jpg
SW4ac;Star Wars : Affiches originales;4K Ultra HD;Collections;Star Wars, épisode IV : Un nouvel espoir;https://jaquettes.pages.dev/films_jpg/;090520261914_Star_Wars_4_4K;jpg
SW5ac;Star Wars : Affiches originales;4K Ultra HD;Collections;Star Wars, épisode V : L'Empire contre-attaque;https://jaquettes.pages.dev/films_jpg/;090520261915_Star_Wars_5_4K;jpg
SW6ac;Star Wars : Affiches originales;4K Ultra HD;Collections;Star Wars, épisode VI : Le Retour du Jedi;https://jaquettes.pages.dev/films_jpg/;090520261916_Star_Wars_6_4K;jpg
SW7ac;Star Wars : Affiches originales;4K Ultra HD;Collections;Star Wars, épisode VII : Le Réveil de la Force;https://jaquettes.pages.dev/films_jpg/;090520261917_Star_Wars_7_4K;jpg
SW8ac;Star Wars : Affiches originales;4K Ultra HD;Collections;Star Wars, épisode VIII : Les Derniers Jedi;https://jaquettes.pages.dev/films_jpg/;090520261918_Star_Wars_8_4K;jpg
SW9ac;Star Wars : Affiches originales;4K Ultra HD;Collections;Star Wars, épisode IX : L'Ascension de Skywalker;https://jaquettes.pages.dev/films_jpg/;090520261919_Star_Wars_9_4K;jpg
SWSOLOac;Star Wars : Affiches originales;4K Ultra HD;Collections;Solo: A Star Wars Story;https://jaquettes.pages.dev/films_jpg/;090520261921_Solo_4K;jpg
SWROac;Star Wars : Affiches originales;4K Ultra HD;Collections;Rogue One: A Star Wars Story;https://jaquettes.pages.dev/films_jpg/;090520261920_Rogue_One_4K;jpg
SW1ad;Star Wars : Affiches originales;Blu-Ray;Collections;Star Wars, épisode I : La Menace fantôme;https://jaquettes.pages.dev/films_jpg/;090520261951_Star_Wars_1_BD;jpg
SW2ad;Star Wars : Affiches originales;Blu-Ray;Collections;Star Wars, épisode II : L'Attaque des clones;https://jaquettes.pages.dev/films_jpg/;090520261952_Star_Wars_2_BD;jpg
SW3ad;Star Wars : Affiches originales;Blu-Ray;Collections;Star Wars, épisode III : La Revanche des Sith;https://jaquettes.pages.dev/films_jpg/;090520261953_Star_Wars_3_BD;jpg
SW4ad;Star Wars : Affiches originales;Blu-Ray;Collections;Star Wars, épisode IV : Un nouvel espoir;https://jaquettes.pages.dev/films_jpg/;090520261954_Star_Wars_4_BD;jpg
SW5ad;Star Wars : Affiches originales;Blu-Ray;Collections;Star Wars, épisode V : L'Empire contre-attaque;https://jaquettes.pages.dev/films_jpg/;090520261955_Star_Wars_5_BD;jpg
SW6ad;Star Wars : Affiches originales;Blu-Ray;Collections;Star Wars, épisode VI : Le Retour du Jedi;https://jaquettes.pages.dev/films_jpg/;090520261956_Star_Wars_6_BD;jpg
SW7ad;Star Wars : Affiches originales;Blu-Ray;Collections;Star Wars, épisode VII : Le Réveil de la Force;https://jaquettes.pages.dev/films_jpg/;090520261957_Star_Wars_7_BD;jpg
SW8ad;Star Wars : Affiches originales;Blu-Ray;Collections;Star Wars, épisode VIII : Les Derniers Jedi;https://jaquettes.pages.dev/films_jpg/;090520261958_Star_Wars_8_BD;jpg
SW9ad;Star Wars : Affiches originales;Blu-Ray;Collections;Star Wars, épisode IX : L'Ascension de Skywalker;https://jaquettes.pages.dev/films_jpg/;090520261959_Star_Wars_9_BD;jpg
SWSOLOad;Star Wars : Affiches originales;Blu-Ray;Collections;Solo: A Star Wars Story;https://jaquettes.pages.dev/films_jpg/;090520261961_Solo_BD;jpg
SWROad;Star Wars : Affiches originales;Blu-Ray;Collections;Rogue One: A Star Wars Story;https://jaquettes.pages.dev/films_jpg/;090520261960_Rogue_One_BD;jpg
Smallville01;Smallville : Affiche de Captnbok;DVD;Collections;Smallville : Saison 1;https://jaquettes.pages.dev/series_jpg/;140520262041_smallville_s01_dvd;jpg
Smallville02;Smallville : Affiche de Captnbok;DVD;Collections;Smallville : Saison 2;https://jaquettes.pages.dev/series_jpg/;140520262042_smallville_s02_dvd;jpg
Smallville03;Smallville : Affiche de Captnbok;DVD;Collections;Smallville : Saison 3;https://jaquettes.pages.dev/series_jpg/;140520262043_smallville_s03_dvd;jpg
Smallville04;Smallville : Affiche de Captnbok;DVD;Collections;Smallville : Saison 4;https://jaquettes.pages.dev/series_jpg/;140520262044_smallville_s04_dvd;jpg
Smallville05;Smallville : Affiche de Captnbok;DVD;Collections;Smallville : Saison 5;https://jaquettes.pages.dev/series_jpg/;140520262045_smallville_s05_dvd;jpg
Smallville06;Smallville : Affiche de Captnbok;DVD;Collections;Smallville : Saison 6;https://jaquettes.pages.dev/series_jpg/;140520262046_smallville_s06_dvd;jpg
Smallville07;Smallville : Affiche de Captnbok;DVD;Collections;Smallville : Saison 7;https://jaquettes.pages.dev/series_jpg/;140520262047_smallville_s07_dvd;jpg
Smallville08;Smallville : Affiche de Captnbok;DVD;Collections;Smallville : Saison 8;https://jaquettes.pages.dev/series_jpg/;140520262048_smallville_s08_dvd;jpg
Smallville09;Smallville : Affiche de Captnbok;DVD;Collections;Smallville : Saison 9;https://jaquettes.pages.dev/series_jpg/;140520262049_smallville_s09_dvd;jpg
Smallville10;Smallville : Affiche de Captnbok;DVD;Collections;Smallville : Saison 10;https://jaquettes.pages.dev/series_jpg/;140520262050_smallville_s10_dvd;jpg
